No.,Mismatch
1,930.1228607300598
2,811.5874651909171
3,702.9868500016067
4,650.9891440937121
